,precision,recall,f1-score,support
Normal,0.8536585365853658,0.04156769596199525,0.07927519818799547,842.0
FDI1 (Scale),0.0070921985815602835,0.03333333333333333,0.011695906432748537,30.0
FDI2 (Flatline),0.0,0.0,0.0,30.0
FDI3 (Ramp),0.036991368680641186,1.0,0.0713436385255648,30.0
FDI4 (Drop),1.0,0.6333333333333333,0.7755102040816326,30.0
FDI5 (Noise),0.0,0.0,0.0,30.0
FDI6 (Inverse),0.875,0.23333333333333334,0.3684210526315789,30.0
FDI7 (Coord),1.0,1.0,1.0,30.0
accuracy,0.11596958174904944,0.11596958174904944,0.11596958174904944,0.11596958174904944
macro avg,0.47159276298094593,0.3676959619952494,0.2882807499824401,1052.0
weighted avg,0.766495242226943,0.11596958174904944,0.1269570731220893,1052.0
